BLDG_ID,BLDG_NAME,ADDRESS,CITY,ZIPCODE,CSP_SCH_ID,SCH_ID,SCH_NAME,SCH_LABEL,SCH_TYPE,SHARED,COMPLEX,shape_wkt,POINT_X,POINT_Y,source_file,cleaned_date
1.0,Guild Bldg,195 Leyden Street,East Boston,2128,4061.0,4061.0,Guild Elementary,Guild,ES,,,POINT (-71.004120000999933 42.388790000000029),-71.00412000099993,42.38879000000003,public_schools.csv,2025-11-30 19:58:12
3.0,"Kennedy, P Bldg",343 Saratoga Street,East Boston,2128,4541.0,4541.0,Kennedy Patrick Elem,PJ Kennedy,ES,,,POINT (-71.030479709999952 42.37853662100008),-71.03047970999995,42.37853662100008,public_schools.csv,2025-11-30 19:58:12
4.0,Otis Bldg,218 Marion Street,East Boston,2128,4322.0,4322.0,Otis Elementary,Otis,ES,,,POINT (-71.033890000999975 42.375270000000057),-71.03389000099997,42.37527000000006,public_schools.csv,2025-11-30 19:58:12
6.0,Odonnell Bldg,33 Trenton Street,East Boston,2128,4543.0,4543.0,O'Donnell Elementary,O'Donnell,ES,,,POINT (-71.038010132999943 42.378079940000077),-71.03801013299994,42.37807994000008,public_schools.csv,2025-11-30 19:58:12
7.0,East Boston High Bldg,86 White Street,East Boston,2128,1070.0,1070.0,East Boston High,East Boston HS,HS,,,POINT (-71.034920849999935 42.38094877900005),-71.03492084999993,42.38094877900005,public_schools.csv,2025-11-30 19:58:12
8.0,Umana / Barnes Bldg,312 Border Street,East Boston,2128,4323.0,4323.0,Umana/ Alighieri K-8,Umana/ Alighieri K-8,K-8,,,POINT (-71.040329238999959 42.378281316000027),-71.04032923899996,42.37828131600003,public_schools.csv,2025-11-30 19:58:12
10.0,East Boston Eec Bldg,135 Gove Street,East Boston,2128,4450.0,4450.0,East Boston EEC,East Boston EEC,ELC,,,POINT (-71.03411936599997 42.369667347000075),-71.03411936599997,42.369667347000075,public_schools.csv,2025-11-30 19:58:12
11.0,Mckay Bldg,122 Cottage Street,East Boston,2128,4360.0,4360.0,McKay K-8,McKay K-8,K-8,,,POINT (-71.034306999999956 42.369265000000041),-71.03430699999996,42.36926500000004,public_schools.csv,2025-11-30 19:58:12
12.0,Adams Bldg,165 Webster Street,East Boston,2128,4361.0,4361.0,Adams Elementary,Adams,ES,,,POINT (-71.034889727999939 42.365554330000066),-71.03488972799994,42.365554330000066,public_schools.csv,2025-11-30 19:58:12
13.0,Harvard-Kent,50 Bunker Hill Street,Charlestown,2129,4280.0,4280.0,Harvard/Kent Elem,Harvard/Kent,ES,,,POINT (-71.057491653999989 42.376619841000036),-71.05749165399999,42.37661984100003,public_schools.csv,2025-11-30 19:58:12
14.0,Charlestown High Bldg #1 -  Main,240 Medford Street,Charlestown,2129,1050.0,1050.0,Charlestown High,Charlestown HS,HS,,,POINT (-71.061069999999972 42.380110000000059),-71.06106999999997,42.38011000000006,public_schools.csv,2025-11-30 19:58:12
15.0,Edwards Bldg,28 Walker Street,Charlestown,2129,2010.0,2010.0,Edwards Middle,Edwards MS,MS,,,POINT (-71.067230649999942 42.379071679000049),-71.06723064999994,42.37907167900005,public_schools.csv,2025-11-30 19:58:12
16.0,Warren-Prescott Bldg,50 School Street,Charlestown,2129,4283.0,4283.0,Warren/Prescott,Warren/Prescott K-8,K-8,,,POINT (-71.064429998999969 42.377990000000068),-71.06442999899997,42.37799000000006,public_schools.csv,2025-11-30 19:58:12
17.0,Eliot Bldg,16 Charter Street,Boston,2113,4381.0,4381.0,Eliot K-8,Eliot K-8,K-8,,,POINT (-71.053369079999982 42.366094067000063),-71.05336907999998,42.36609406700006,public_schools.csv,2025-11-30 19:58:12
21.0,Abraham Lincoln Building,152 Arlington Street,Boston,2116,1450.0,1450.0,Quincy Upper School,Quincy Upper (6-12),K-12,,,POINT (-71.069049652999979 42.348399622000045),-71.06904965299998,42.348399622000045,public_schools.csv,2025-11-30 19:58:12
22.0,Boston HS Bldg,885 Washington Street,Boston,2111,4650.0,4650.0,Quincy Lower (K-5),Quincy Lower (K-5),K-12,,,POINT (-71.064919999999972 42.347970000000032),-71.06491999999997,42.34797000000003,public_schools.csv,2025-11-30 19:58:12
24.0,Snowden Hs Bldg,150 Newbury Street,Boston,2116,1200.0,1200.0,Snowden International,Snowden HS,HS,,,POINT (-71.077969999999937 42.350570000000062),-71.07796999999994,42.35057000000006,public_schools.csv,2025-11-30 19:58:12
26.0,Mckinley Mackey Bldg,90 Warren Avenue,Boston,2116,1291.0,1291.0,McKinley Elementary,McKinley Elem,Special,Shared,,POINT (-71.073519998999984 42.344360000000052),-71.07351999899998,42.34436000000005,public_schools.csv,2025-11-30 19:58:12
26.0,Mckinley Mackey Bldg,90 Warren Avenue,Boston,2116,1294.0,1294.0,McKinley So. End Acad,McKinley S. End Acad,Special,Shared,,POINT (-71.073519998999984 42.344360000000052),-71.07351999899998,42.34436000000005,public_schools.csv,2025-11-30 19:58:12
27.0,Hurley Bldg,70 Worcester Street,Boston,2118,4260.0,4260.0,Hurley Elementary,Hurley K-8,K-8,,,POINT (-71.077739999999949 42.338750000000061),-71.07773999999995,42.33875000000006,public_schools.csv,2025-11-30 19:58:12
28.0,Blackstone Bldg,380 Shawmut Avenue,Boston,2118,4640.0,4640.0,Blackstone Elementary,Blackstone,ES,,,POINT (-71.072460471999989 42.340728882000064),-71.07246047199999,42.340728882000064,public_schools.csv,2025-11-30 19:58:12
31.0,Mason Bldg,150 Norfolk Avenue,Roxbury,2119,4121.0,4121.0,Mason Elementary,Mason,ES,,,POINT (-71.071330811999985 42.32620836500007),-71.07133081199999,42.32620836500007,public_schools.csv,2025-11-30 19:58:12
33.0,Clap Bldg,35 Harvest Street,Dorchester,2125,4531.0,4531.0,Clap Elementary,Clap,ES,,,POINT (-71.058190755999988 42.323167528000056),-71.05819075599999,42.323167528000056,public_schools.csv,2025-11-30 19:58:12
35.0,Perkins Bldg,50 Burke Street,South Boston,2127,4022.0,4022.0,Perkins Elementary,Perkins,ES,,,POINT (-71.050539999999955 42.33131000000003),-71.05053999999996,42.33131000000003,public_schools.csv,2025-11-30 19:58:12
36.0,South Boston Ed. Bldg,95 G Street,South Boston,2127,1162.0,1162.0,Excel High,Excel HS,HS,Shared,S. Boston EC,POINT (-71.044889999999953 42.332860000000039),-71.04488999999995,42.33286000000004,public_schools.csv,2025-11-30 19:58:12
37.0,Tynan Bldg,650 E. Fourth Street,South Boston,2127,4590.0,4590.0,Tynan Elementary,Tynan,ES,,,POINT (-71.038410701999965 42.334862039000029),-71.03841070199996,42.33486203900003,public_schools.csv,2025-11-30 19:58:12
38.0,Perry Bldg,745 E. Seventh Street,South Boston,2127,4592.0,4592.0,Perry K-8,Perry K-8,K-8,,,POINT (-71.030198163999955 42.332112100000074),-71.03019816399996,42.332112100000074,public_schools.csv,2025-11-30 19:58:12
39.0,Russell Bldg,750 Columbia Road,Dorchester,2125,4530.0,4530.0,Russell Elementary,Russell,ES,,,POINT (-71.059548819999975 42.32037374600003),-71.05954881999997,42.32037374600003,public_schools.csv,2025-11-30 19:58:12
42.0,Orchard Gardens K-8,906 Albany Street,Roxbury,2119,4680.0,4680.0,Orchard Gardens K-8,Orchard Gardens K-8,K-8,,,POINT (-71.077908423999986 42.33026654300005),-71.07790842399999,42.33026654300005,public_schools.csv,2025-11-30 19:58:12
131.0,West Roxbury Ed. Bldg,1205 V.F.W. Parkway,West Roxbury,2132,1256.0,1256.0,West Roxbury Academy,W. Roxbury Acad,HS,Shared,,POINT (-71.174339999999972 42.282259999000075),-71.17433999999997,42.282259999000075,public_schools.csv,2025-11-30 19:58:12
83.0,Gavin Bldg,215 Dorchester Street,South Boston,2127,1325.0,1325.0,Middle School Academy,MS Acad,Special,,,POINT (-71.05042906999995 42.333565053000029),-71.05042906999995,42.33356505300003,public_schools.csv,2025-11-30 19:58:12
34.0,Gavin Bldg,215 Dorchester Street,South Boston,2127,2450.0,2450.0,UP Academy,UP Academy,MS,,,POINT (-71.05042906999995 42.333565053000029),-71.05042906999995,42.33356505300003,public_schools.csv,2025-11-30 19:58:12
44.0,Wheatley Bldg,20 Kearsage Avenue,Roxbury,2119,1410.0,1410.0,Boston Evening Academy,BDEA,Special,Shared,,POINT (-71.081710000999976 42.327020000000061),-71.08171000099998,42.32702000000006,public_schools.csv,2025-11-30 19:58:12
45.0,Carter Center Bldg,396 Northampton Street,Roxbury,2118,4261.0,4261.0,Carter Center,Carter Center,Special,,,POINT (-71.083839377999936 42.340551106000078),-71.08383937799994,42.34055110600008,public_schools.csv,2025-11-30 19:58:12
47.0,Madison Park Bldg #1,75 Malcolm X Blvd,Roxbury,2120,12101.0,1210.0,Madison Park High,Madison Park HS,HS,,,POINT (-71.090289999999982 42.331750000000056),-71.09028999999998,42.331750000000056,public_schools.csv,2025-11-30 19:58:12
48.0,Madison Park Bldg #3 - O'Bryant,55 Malcolm X Blvd,Roxbury,2120,1030.0,1030.0,O'Bryant Math & Sci.,O'Bryant School,6/7-12,,,POINT (-71.088791999999955 42.332030000000032),-71.08879199999996,42.33203000000003,public_schools.csv,2025-11-30 19:58:12
49.0,Timilty Bldg,205 Roxbury Street,Roxbury,2119,2040.0,2040.0,Timilty Middle,Timilty MS,MS,,,POINT (-71.09096999999997 42.330390000000079),-71.09096999999997,42.33039000000008,public_schools.csv,2025-11-30 19:58:12
50.0,Hale Bldg,51 Cedar Street,Roxbury,2119,4113.0,4113.0,Hale Elementary,Hale,ES,,,POINT (-71.091039999999964 42.325540000000046),-71.09103999999996,42.325540000000046,public_schools.csv,2025-11-30 19:58:12
51.0,Lewis Bldg,131 Walnut Avenue,Roxbury,2119,4242.0,4242.0,Higginson/Lewis K-8,Higginson/Lewis K-8,K-8,,,POINT (-71.086308968999958 42.320939678000059),-71.08630896899996,42.32093967800006,public_schools.csv,2025-11-30 19:58:12
53.0,Blue Hill Ave Eec Bldg,263 Blue Hill Ave,Roxbury,2119,4460.0,4460.0,Haynes EEC,Haynes EEC,ELC,,,POINT (-71.078938533999974 42.314958190000027),-71.07893853399997,42.31495819000003,public_schools.csv,2025-11-30 19:58:12
54.0,Trotter Bldg,135 Humboldt Avenue,Dorchester,2121,4580.0,4580.0,Trotter K-8,Trotter K-8,K-8,,,POINT (-71.08784045699997 42.315731371000027),-71.08784045699997,42.31573137100003,public_schools.csv,2025-11-30 19:58:12
55.0,Boston Latin Academy Bldg,205 Townsend Street,Boston,2121,1020.0,1020.0,Boston Latin Academy,Boston Latin Acad,6/7-12,,,POINT (-71.084499999999935 42.31615000000005),-71.08449999999993,42.31615000000005,public_schools.csv,2025-11-30 19:58:12
56.0,Ellis Bldg,302 Walnut Avenue,Roxbury,2119,4240.0,4240.0,Ellis Elementary,Ellis,ES,,,POINT (-71.092890995999937 42.316325636000045),-71.09289099599994,42.316325636000045,public_schools.csv,2025-11-30 19:58:12
57.0,Winthrop Bldg,35 Brookford Street,Dorchester,2125,4052.0,4052.0,Winthrop Elementary,Winthrop,ES,,,POINT (-71.075626006999983 42.31819398600004),-71.07562600699998,42.31819398600004,public_schools.csv,2025-11-30 19:58:12
58.0,King Bldg,77 Lawrence Avenue,Dorchester,2121,4055.0,4055.0,King K-8,King K-8,K-8,,,POINT (-71.076195999999982 42.31129100000004),-71.07619599999998,42.31129100000004,public_schools.csv,2025-11-30 19:58:12
59.0,Frederick Middle,270 Columbia Road,Dorchester,2121,2360.0,2360.0,Frederick Pilot Middle,Frederick MS,MS,,,POINT (-71.075410231999967 42.309045360000027),-71.07541023199997,42.30904536000003,public_schools.csv,2025-11-30 19:58:12
62.0,Holland Bldg,85 Olney Street,Dorchester,2121,4250.0,4250.0,Holland Elementary,Holland,ES,,,POINT (-71.073858425999958 42.305609467000068),-71.07385842599996,42.30560946700007,public_schools.csv,2025-11-30 19:58:12
63.0,Mather Bldg,1 Parish Street,Dorchester,2122,4350.0,4350.0,Mather Elementary,Mather,ES,,,POINT (-71.061011182999948 42.308387548000042),-71.06101118299995,42.30838754800004,public_schools.csv,2025-11-30 19:58:12
67.0,Marshall Bldg,35 Westville Street,Dorchester,2124,4345.0,4345.0,UP Academy Charter School of Dorchester,UP Academy of Dorchester,K-8,,,POINT (-71.070728840999948 42.299917486000027),-71.07072884099995,42.29991748600003,public_schools.csv,2025-11-30 19:58:12
69.0,Ohearn Bldg,1669 Dorchester Avenue,Dorchester,2122,4391.0,4391.0,Henderson Lower (K-3),Henderson Lower (K-3),K-12,,,POINT (-71.062220055999944 42.293958066000073),-71.06222005599994,42.29395806600007,public_schools.csv,2025-11-30 19:58:12
70.0,Murphy Bldg,1 Worrell Street,Dorchester,2122,4400.0,4400.0,Murphy K-8,Murphy K-8,K-8,,,POINT (-71.049193474999981 42.294197516000054),-71.04919347499998,42.294197516000054,public_schools.csv,2025-11-30 19:58:12
71.0,Kenny Bldg,19 Oakton Avenue,Dorchester,2122,4390.0,4390.0,Kenny Elementary,Kenny,ES,,,POINT (-71.053190952999955 42.286541591000059),-71.05319095299996,42.28654159100006,public_schools.csv,2025-11-30 19:58:12
72.0,Wilson Bldg,18 Croftland Avenue,Dorchester,2124,1140.0,1140.0,Henderson Upper (4-12),Henderson Upper (4-12),K-12,,,POINT (-71.069569336999962 42.281253069000059),-71.06956933699996,42.28125306900006,public_schools.csv,2025-11-30 19:58:12
73.0,Taylor Bldg,1060 Morton Street,Mattapan,2126,4151.0,4151.0,Taylor Elementary,Taylor,ES,,,POINT (-71.077429973999983 42.277852089000078),-71.07742997399998,42.27785208900008,public_schools.csv,2025-11-30 19:58:12
74.0,Thompson Bldg,100 Maxwell Street,Dorchester,2124,1990.0,1990.0,Boston International HS,Boston Intl HS,Special,Shared,,POINT (-71.08091000099995 42.281410000000051),-71.08091000099995,42.28141000000005,public_schools.csv,2025-11-30 19:58:12
74.0,Thompson Bldg,100 Maxwell Street,Dorchester,2124,1991.0,1991.0,Newcomers Academy,Newcomers Acad,Special,Shared,,POINT (-71.08091000099995 42.281410000000051),-71.08091000099995,42.28141000000005,public_schools.csv,2025-11-30 19:58:12
77.0,Mildred Avenue Bldg,5 Mildred Avenue,Mattapan,2126,4671.0,4671.0,Mildred Avenue K-8,Mildred Ave K-8,K-8,,,POINT (-71.090428999999972 42.276752000000045),-71.09042899999997,42.276752000000045,public_schools.csv,2025-11-30 19:58:12
78.0,Dorchester Ed. Bldg #1 - Main,9 Peacevale Road,Dorchester,2124,1460.0,1460.0,TechBoston Academy,TechBoston,6/7-12,,,POINT (-71.076790862999985 42.287783495000042),-71.07679086299999,42.28778349500004,public_schools.csv,2025-11-30 19:58:12
80.0,Lee Bldg,155 Talbot Avenue,Dorchester,2124,4290.0,4290.0,Lee Elementary,Lee School (2-6),K-8,,,POINT (-71.080374824999979 42.292429445000039),-71.08037482499998,42.29242944500004,public_schools.csv,2025-11-30 19:58:12
79.0,Fifield Bldg,25 Dunbar Ave.,Dorchester,2124,4291.0,4291.0,Lee Academy,Lee Academy (K0-1),ES,,,POINT (-71.073008035999976 42.28660026700004),-71.07300803599998,42.28660026700004,public_schools.csv,2025-11-30 19:58:12
82.0,Holmes Bldg,40 School Street,Dorchester,2124,4084.0,4084.0,Holmes Elementary,Holmes,ES,,,POINT (-71.075599666999949 42.296779838000077),-71.07559966699995,42.29677983800008,public_schools.csv,2025-11-30 19:58:12
85.0,Lewenberg Bldg,20 Outlook Road,Mattapan,2126,4600.0,4600.0,Young Achievers K-8,Young Achievers K-8,K-8,,,POINT (-71.095001735999972 42.282306003000031),-71.09500173599997,42.28230600300003,public_schools.csv,2025-11-30 19:58:12
86.0,Mattahunt Bldg,100 Hebron Street,Mattapan,2126,4690.0,4690.0,Mattahunt Elementary,Mattahunt,ES,,,POINT (-71.104088841999953 42.275806654000064),-71.10408884199995,42.275806654000064,public_schools.csv,2025-11-30 19:58:12
87.0,Chittick Bldg,154 Ruskindale Road,Mattapan,2126,4070.0,4070.0,Chittick Elementary,Chittick,ES,,,POINT (-71.104779999999948 42.267250000000047),-71.10477999999995,42.26725000000005,public_schools.csv,2025-11-30 19:58:12
65.0,Cleveland Bldg,11 Charles Street,Dorchester,2122,1103.0,1103.0,Comm Acad Sci Health,CASH,HS,Shared,,POINT (-71.061728831999972 42.301120129000026),-71.06172883199997,42.301120129000026,public_schools.csv,2025-11-30 19:58:12
91.0,Philbrick Bldg,40 Philbrick Street,Roslindale,2131,4561.0,4561.0,Philbrick Elementary,Philbrick,ES,,,POINT (-71.117739999999969 42.285400000000038),-71.11773999999997,42.28540000000004,public_schools.csv,2025-11-30 19:58:12
92.0,Haley Bldg,570 American Legion Highway,Roslindale,2131,4210.0,4210.0,Haley Elementary,Haley,K-8,,,POINT (-71.107719998999983 42.28675000000004),-71.10771999899998,42.28675000000004,public_schools.csv,2025-11-30 19:58:12
93.0,Parkman Bldg,25 Walk Hill Street,Jamaica Plain,2130,4661.0,4661.0,BTU K-8 Pilot,BTU Pilot School K-8,K-8,,,POINT (-71.115939999999966 42.294630000000041),-71.11593999999997,42.29463000000004,public_schools.csv,2025-11-30 19:58:12
96.0,Roosevelt Bldg,95 Needham Road,Hyde Park,2136,4192.0,4192.0,Roosevelt Upper (2-7),Roosevelt K-8 (Upper),K-8,,,POINT (-71.12345056099997 42.242942111000048),-71.12345056099997,42.24294211100005,public_schools.csv,2025-11-30 19:58:12
98.0,Channing Bldg,35 Sunnyside Street,Hyde Park,2136,4201.0,4201.0,Channing Elementary,Channing,ES,,,POINT (-71.133319999999969 42.251620001000049),-71.13331999999997,42.25162000100005,public_schools.csv,2025-11-30 19:58:12
99.0,Grew Bldg,40 Gordon Avenue,Hyde Park,2136,4200.0,4200.0,Grew Elementary,Grew,ES,,,POINT (-71.127319999999941 42.256760000000043),-71.12731999999994,42.25676000000004,public_schools.csv,2025-11-30 19:58:12
100.0,Conley Bldg,450 Poplar Street,Roslindale,2131,4080.0,4080.0,Conley Elementary,Conley,ES,,,POINT (-71.127050000999986 42.274790000000053),-71.12705000099999,42.27479000000005,public_schools.csv,2025-11-30 19:58:12
101.0,Irving Bldg,105 Cummins Highway,Roslindale,2131,2140.0,2140.0,Irving Middle,Irving MS,MS,,,POINT (-71.12492999899996 42.283630000000073),-71.12492999899996,42.28363000000007,public_schools.csv,2025-11-30 19:58:12
102.0,Sumner Bldg,15 Basile Street,Roslindale,2131,4560.0,4560.0,Sumner Elementary,Sumner,ES,,,POINT (-71.126839998999969 42.286450000000059),-71.12683999899997,42.28645000000006,public_schools.csv,2025-11-30 19:58:12
105.0,Fuller Bldg,25 Glen Road,Jamaica Plain,2130,1340.0,1340.0,Community Academy,Community Acad,Special,,,POINT (-71.103489998999976 42.308920000000057),-71.10348999899998,42.30892000000006,public_schools.csv,2025-11-30 19:58:12
107.0,Hernandez Bldg,61 School Street,Roxbury,2119,4053.0,4053.0,Hernandez K-8,Hernandez K-8,K-8,,,POINT (-71.098119605999955 42.313929220000034),-71.09811960599995,42.313929220000034,public_schools.csv,2025-11-30 19:58:12
108.0,English Hs Bldg,144 Mcbride Street,Jamaica Plain,2130,1080.0,1080.0,English High,English HS,HS,,,POINT (-71.109599999999944 42.305999999000051),-71.10959999999994,42.30599999900005,public_schools.csv,2025-11-30 19:58:12
109.0,Mendell Bldg,164 School Street,Roxbury,2119,4370.0,4370.0,Mendell Elementary,Mendell,ES,,,POINT (-71.101609999999937 42.316550001000053),-71.10160999999994,42.31655000100005,public_schools.csv,2025-11-30 19:58:12
110.0,"Kennedy, J  Bldg",7 Bolster Street,Jamaica Plain,2130,4270.0,4270.0,Kennedy John F Elemen,JF Kennedy,ES,,,POINT (-71.105838778999953 42.321776662000048),-71.10583877899995,42.32177666200005,public_schools.csv,2025-11-30 19:58:12
111.0,Hennigan Bldg,200 Heath Street,Jamaica Plain,2130,4231.0,4231.0,West Zone ELC,West Zone ELC,ELC,Shared,,POINT (-71.106935165999971 42.326284092000037),-71.10693516599997,42.32628409200004,public_schools.csv,2025-11-30 19:58:12
113.0,Tobin Bldg,40 Smith Street,Roxbury,2120,4570.0,4570.0,Tobin K-8,Tobin K-8,K-8,,,POINT (-71.098290000999953 42.333010000000058),-71.09829000099995,42.33301000000006,public_schools.csv,2025-11-30 19:58:12
115.0,Boston Latin School Bldg,78 Avenue Louis Pasteur,Boston,2115,1010.0,1010.0,Boston Latin School,Boston Latin Sch,6/7-12,,,POINT (-71.101689999999962 42.337890000000073),-71.10168999999996,42.33789000000007,public_schools.csv,2025-11-30 19:58:12
116.0,Health Careers Academy,110 The Fenway,Boston,2115,1440.0,1440.0,Kennedy Health Careers Academy,Kennedy HCA,HS,,,POINT (-71.091529999999977 42.341449999000076),-71.09152999999998,42.34144999900008,public_schools.csv,2025-11-30 19:58:12
118.0,Mission Hill Bldg,67 Allegheny Street,Roxbury,2120,1265.0,1265.0,Fenway High,Fenway HS,HS,,,POINT (-71.099177418999943 42.330579611000076),-71.09917741899994,42.33057961100008,public_schools.csv,2025-11-30 19:58:12
118.0,Ipswich St Bldg,174 Ipswich Street,Boston,2215,1420.0,1420.0,Boston Arts Academy,BAA,HS,,,POINT (-71.094320677999974 42.346763943000042),-71.09432067799997,42.34676394300004,public_schools.csv,2025-11-30 19:58:12
119.0,Mckinley Peterborough Bldg,97 Peterborough Street,Boston,2215,1293.0,1293.0,McKinley Prep High Sch,McKinley Prep HS,Special,,,POINT (-71.099259999999958 42.343430000000069),-71.09925999999996,42.34343000000007,public_schools.csv,2025-11-30 19:58:12
120.0,Mckinley St Mary'S St Bldg,50 St. Mary Street,Boston,2215,1292.0,1292.0,McKinley Middle,McKinley MS,Special,,,POINT (-71.106759999999952 42.347940000000051),-71.10675999999995,42.34794000000005,public_schools.csv,2025-11-30 19:58:12
121.0,"Curley, J.  Bldg",40 Pershing Road,Jamaica Plain,2130,42721.0,4272.0,Curley Lower (K1-5),Curley K-8 (Lower),K-8,,,POINT (-71.114218306999987 42.318676813000025),-71.11421830699999,42.318676813000025,public_schools.csv,2025-11-30 19:58:12
122.0,"Curley, Mary  Bldg",493 Centre Street,Jamaica Plain,2130,42722.0,4272.0,Curley Upper (6-8),Curley K-8 (Upper),K-8,,,POINT (-71.112949999999955 42.318500000000029),-71.11294999999996,42.31850000000003,public_schools.csv,2025-11-30 19:58:12
124.0,Manning Bldg,130 Louders Lane,Jamaica Plain,2130,4311.0,4311.0,Manning Elementary,Manning,ES,,,POINT (-71.131489999999985 42.305580000000077),-71.13148999999999,42.30558000000008,public_schools.csv,2025-11-30 19:58:12
126.0,Bates Bldg,426 Beech Street,Roslindale,2131,4081.0,4081.0,Bates Elementary,Bates,ES,,,POINT (-71.135329999999954 42.277760000000058),-71.13532999999995,42.27776000000006,public_schools.csv,2025-11-30 19:58:12
127.0,Mozart Bldg,236 Beech Street,Roslindale,2131,4082.0,4082.0,Mozart Elementary,Mozart,ES,,,POINT (-71.14104999999995 42.281220000000076),-71.14104999999995,42.28122000000008,public_schools.csv,2025-11-30 19:58:12
128.0,Russett Road Bldg,140 Russett Road,West Roxbury,2132,4033.0,4033.0,Kilmer Upper (4-8),Kilmer K-8 (Upper),K-8,,,POINT (-71.15236699999997 42.292652000000032),-71.15236699999997,42.29265200000003,public_schools.csv,2025-11-30 19:58:12
129.0,Beethoven Bldg,5125 Washington Street,West Roxbury,2132,4030.0,4030.0,Beethoven Elementary,Beethoven (K1-3),ES,,,POINT (-71.156129999999962 42.263429999000039),-71.15612999999996,42.26342999900004,public_schools.csv,2025-11-30 19:58:12
130.0,Kilmer Bldg,35 Baker Street,West Roxbury,2132,4031.0,4031.0,Kilmer Lower (K1-3),Kilmer K-8 (Lower),K-8,,,POINT (-71.162569505999954 42.271877167000071),-71.16256950599995,42.27187716700007,public_schools.csv,2025-11-30 19:58:12
131.0,West Roxbury Ed. Bldg,1205 V.F.W. Parkway,West Roxbury,2132,1253.0,1253.0,Urban Science Academy,Urban Science Academy,HS,Shared,West Roxbury EC,POINT (-71.174339999999972 42.282259999000075),-71.17433999999997,42.282259999000075,public_schools.csv,2025-11-30 19:58:12
132.0,"Shaw, R.G.  Bldg",20 Mt. Vernon Street,West Roxbury,2132,4331.0,4331.0,Lyndon K-8,Lyndon K-8,K-8,,,POINT (-71.158369999999934 42.282990000000041),-71.15836999999993,42.28299000000004,public_schools.csv,2025-11-30 19:58:12
133.0,Edison Bldg,60 Glenmont Road,Brighton,2135,4178.0,4178.0,Edison K-8,Edison K-8,K-8,,,POINT (-71.160189999999943 42.345580000000041),-71.16018999999994,42.34558000000004,public_schools.csv,2025-11-30 19:58:12
135.0,"Lyon, Mary  Bldg",50 Beechcroft Street,Brighton,2135,4171.0,4171.0,Lyon K-8,Lyon K-8,K-12,,,POINT (-71.161499999999933 42.35107000000005),-71.16149999999993,42.35107000000005,public_schools.csv,2025-11-30 19:58:12
136.0,Garfield Bldg,95 Beechcroft Street,Brighton,2135,1171.0,1171.0,"Lyon, Mary 9-12",Lyon 9-12,K-12,,,POINT (-71.160759999999982 42.352119999000081),-71.16075999999998,42.35211999900008,public_schools.csv,2025-11-30 19:58:12
137.0,Winship Bldg,54 Dighton Street,Brighton,2135,4173.0,4173.0,Winship Elementary,Winship,ES,,,POINT (-71.155347977999952 42.347593036000035),-71.15534797799995,42.347593036000035,public_schools.csv,2025-11-30 19:58:12
139.0,Taft Bldg,20 Warren Street,Brighton,2135,1230.0,1230.0,Another Course to College,ACC,HS,Shared,,POINT (-71.145286044999978 42.35056411000005),-71.14528604499998,42.35056411000005,public_schools.csv,2025-11-30 19:58:12
140.0,Brighton High School Bldg,25 Warren Street,Brighton,2135,1040.0,1040.0,Brighton High,Brighton HS,HS,,,POINT (-71.145489998999949 42.349080000000072),-71.14548999899995,42.34908000000007,public_schools.csv,2025-11-30 19:58:12
141.0,Baldwin Bldg,121 Corey Road,Brighton,2135,4621.0,4621.0,Baldwin ELPA,Baldwin ELPA,ELC,,,POINT (-71.140510000999939 42.342030001000069),-71.14051000099994,42.34203000100007,public_schools.csv,2025-11-30 19:58:12
142.0,Jackson Mann Bldg,40 Armington Street,Allston,2134,4610.0,4610.0,Horace Mann,Horace Mann K-12,Special,Shared,,POINT (-71.137699999999938 42.352050000000077),-71.13769999999994,42.35205000000008,public_schools.csv,2025-11-30 19:58:12
142.0,Jackson Mann Bldg,40 Armington Street,Allston,2134,4620.0,4620.0,Jackson/Mann K-8,Jackson/Mann K-8,K-8,Shared,,POINT (-71.137699999999938 42.352050000000077),-71.13769999999994,42.35205000000008,public_schools.csv,2025-11-30 19:58:12
89.0,Hyde Park EC,655 Metropolitan Ave,Hyde Park,2136,1285.0,1285.0,New Mission High,New Mission HS,HS,Shared,,POINT (-71.117723226999942 42.263208411000051),-71.11772322699994,42.26320841100005,public_schools.csv,2025-11-30 19:58:12
144.0,Gardner Bldg,30 Athol Street,Allston,2134,4160.0,4160.0,Gardner Elementary,Gardner,K-8,,,POINT (-71.134110000999954 42.360760000000028),-71.13411000099995,42.360760000000035,public_schools.csv,2025-11-30 19:58:12
145.0,Ohrenberger Bldg,175 West Boundary Road,West Roxbury,2132,4410.0,4410.0,Ohrenberger Elementary,Ohrenberger 3-8,K-8,,,POINT (-71.149609998999949 42.260750001000076),-71.14960999899995,42.26075000100008,public_schools.csv,2025-11-30 19:58:12
146.0,Everett Bldg,71 Pleasant Street,Dorchester,2125,4140.0,4140.0,Everett Elementary,Everett,ES,,,POINT (-71.05976917199996 42.313678947000028),-71.05976917199996,42.313678947000035,public_schools.csv,2025-11-30 19:58:12
148.0,"Shaw, P.A. Bldg",429 Norfolk Street,Dorchester,2124,4670.0,4670.0,P.A. Shaw,P.A. Shaw,ES,,,POINT (-71.086839729999951 42.282112287000075),-71.08683972999995,42.282112287000075,public_schools.csv,2025-11-30 19:58:12
149.0,"Greenwood, S Bldg",189 Glenway Street,Dorchester,2121,4130.0,4130.0,Greenwood Sarah K-8,S. Greenwood K-8,K-8,,,POINT (-71.080661422999981 42.296551453000063),-71.08066142299998,42.29655145300006,public_schools.csv,2025-11-30 19:58:12
150.0,Burke High School Bldg,60 Washington Street,Dorchester,2121,1120.0,1120.0,Burke High,Burke HS,HS,,,POINT (-71.081624640999962 42.306810098000028),-71.08162464099996,42.306810098000035,public_schools.csv,2025-11-30 19:58:12
152.0,Dever Bldg,325 Mt. Vernon Street,Dorchester,2125,4100.0,4100.0,Dever Elementary,Dever,ES,,,POINT (-71.042739999999981 42.317620000000034),-71.04273999999998,42.31762000000003,public_schools.csv,2025-11-30 19:58:12
153.0,Mccormack Bldg,315 Mt. Vernon Street,Dorchester,2125,2190.0,2190.0,McCormack Middle,McCormack MS,MS,,,POINT (-71.043499998999948 42.318020000000047),-71.04349999899995,42.31802000000005,public_schools.csv,2025-11-30 19:58:12
156.0,Condon Bldg,200 D Street,South Boston,2127,4630.0,4630.0,Condon Elementary,Condon K-8,K-8,,,POINT (-71.052150634999975 42.338017224000055),-71.05215063499998,42.338017224000055,public_schools.csv,2025-11-30 19:58:12
998.0,New Roosevelt Bldg,30 Millstone Road,Hyde Park,2136,4193.0,4193.0,Roosevelt K-8 (K1-1),Roosevelt K-8 (Lower),K-8,,,POINT (-71.132879999999943 42.233890000000031),-71.13287999999994,42.23389000000003,public_schools.csv,2025-11-30 19:58:12
2.0,Bradley Bldg,110 Beachview Road,East Boston,2128,4062.0,4062.0,Bradley Elementary,Bradley,ES,,,POINT (-71.005044500999986 42.391607498000042),-71.00504450099999,42.39160749800004,public_schools.csv,2025-11-30 19:58:12
111.0,Hennigan Bldg,200 Heath Street,Jamaica Plain,2130,4230.0,4230.0,Hennigan K-8,Hennigan K-8,K-8,Shared,,POINT (-71.106910085999971 42.325613458000078),-71.10691008599997,42.32561345800008,public_schools.csv,2025-11-30 19:58:12
76.0,Mattapan Eec Bldg,108 Babson Street,Mattapan,2126,4440.0,4440.0,Ellison/ Parks ELC,Ellison/ Parks ELC,ELC,,,POINT (-71.091890000999967 42.271779999000046),-71.09189000099997,42.271779999000046,public_schools.csv,2025-11-30 19:58:12
106.0,Greater Egleston High,80 School Street,Roxbury,2119,1430.0,1430.0,Greater Egleston High,Greater Egleston HS,HS,,,POINT (-71.099290000999986 42.314120000000059),-71.09929000099999,42.31412000000006,public_schools.csv,2025-11-30 19:58:12
72.0,Dorchester Ed. Bldg #1 - Main,9 Peacevale Road,Dorchester,2124,1459.0,1459.0,TechBoston Acad Lower (6-9),TechBoston Lower (6-9),6/7-12,Shared,,POINT (-71.076790862999985 42.287783495000042),-71.07679086299999,42.28778349500004,public_schools.csv,2025-11-30 19:58:12
123.0,Agassiz Building,20 Child St,Jamaica Plain,2130,4285.0,4285.0,Mission Hill K-8,Mission Hill K-8,K-8,Shared,,POINT (-71.113866835999943 42.307026492000034),-71.11386683599994,42.307026492000034,public_schools.csv,2025-11-30 19:58:12
123.0,Agassiz Building,20 Child St,Jamaica Plain,2130,1053.0,1053.0,Margarita Muniz Academy,Muniz Academy,HS,Shared,,POINT (-71.114481578999971 42.30719963100006),-71.11448157899997,42.30719963100007,public_schools.csv,2025-11-30 19:58:12
30.0,Emerson Building,6 Shirley St,Roxbury,2119,4123.0,4123.0,Dudley Street Neighborhood Charter School,Dudley St NCS,ES,,,POINT (-71.073373068999956 42.321918807000031),-71.07337306899996,42.32191880700003,public_schools.csv,2025-11-30 19:58:12
114.0,Farragut Building,10 Fenwood Road,Jamaica Plain,2115,1440.0,1440.0,Kennedy Health Careers Academy,Kennedy HCA,HS,,,POINT (-71.106563059999985 42.333922759000075),-71.10656305999998,42.333922759000075,public_schools.csv,2025-11-30 19:58:12
89.0,Hyde Park EC,655 Metropolitan Ave,Hyde Park,2136,1195.0,1195.0,Community Leadership Academy,BCLA,HS,Shared,,POINT (-71.117885460999958 42.263219244000027),-71.11788546099996,42.26321924400003,public_schools.csv,2025-11-30 19:58:12
1000.0,585 Commercial Bldg,585 Commercial Street,Boston,2109,4381.0,4381.0,Eliot K-8,Eliot K-8,K-8,,,POINT (-71.057175579999978 42.368326551000052),-71.05717557999998,42.368326551000045,public_schools.csv,2025-11-30 19:58:12
52.0,Higginson Bldg,160 Harrishof Street,Roxbury,2119,4241.0,4241.0,Higginson Elementary,Higginson (K-2),ES,,,POINT (-71.092028970999934 42.317651525000031),-71.09202897099993,42.31765152500003,public_schools.csv,2025-11-30 19:58:12
0.0,Alighieri Bldg,37 Gove St.,East Boston,2128,4321.0,4321.0,Alighieri Montessori,Alighieri,ES,,,POINT (-71.037939496999968 42.371559760000025),-71.03793949699997,42.371559760000025,public_schools.csv,2025-11-30 19:58:12
0.0,Church Street Bldg,20 Church Street,Boston,2116,1215.0,1215.0,Boston Adult Tech Acad,BATA,Special,,,POINT (-71.068148942999983 42.348761039000067),-71.06814894299998,42.34876103900007,public_schools.csv,2025-11-30 19:58:12
65.0,Cleveland Bldg,11 Charles Street,Dorchester,2122,1064.0,1064.0,Dorchester Academy,Dorchester Academy,HS,Shared,,POINT (-71.061820573999967 42.300812669000038),-71.06182057399997,42.30081266900004,public_schools.csv,2025-11-30 19:58:12
139.0,Taft Bldg,20 Warren Street,Brighton,2135,1470.0,1470.0,Boston Green Academy,Boston Green Academy,6/7-12,Shared,,POINT (-71.145960439999953 42.350432056000045),-71.14596043999995,42.350432056000045,public_schools.csv,2025-11-30 19:58:12
150.0,Burke High School Bldg,60 Washington Street,Dorchester,2121,1260.0,1260.0,Dearborn Middle School,Dearborn MS,6/7-12,Shared,,POINT (-71.080807110999956 42.307386505000068),-71.08080711099996,42.30738650500006,public_schools.csv,2025-11-30 19:58:12
