Match_type,Ref_ID,ID1,Id,SchoolId,Name,Address,City,Zipcode,Contact,PhoneNumbe,YearBuilt,NumStories,Cost,NumStudent,BackupPowe,ShelterCap,Latitude,Longitude,Comment,X,Y,NumStudent12,CampusHous,NumStudents13,URL,shape_wkt,POINT_X,POINT_Y,source_file,cleaned_date
NCES,0,"Fruit St, Boston, Massachusetts 02114-2696",98627,431594,Massachusetts General Hospital Dietetic Internship,"Fruit St, Boston, Massachusetts 02114",West End,365190.0,MASS GEN EYE * EAR INF,(617) 726-2589,1899,13,106836600.0,10.0,0.0,,42.36259065,-71.07014072,0300381001,772340.99986702,2957450.0000556,,,20.0,,POINT (-71.070140721999962 42.362590658000045),-71.07014072199996,42.362590658000045,colleges_and_universities.csv,2025-11-30 19:58:13
NCES & Consortium,0,"8 Ashburton Place, Boston, Massachusetts 02108-27*",11959,168005,Suffolk University,"8 Ashburton Pl Beacon Hill, Boston, Massachusetts 02108",Boston,149016.0,SUFFOLK UNIVERSITY TRSTS OF,(617) 573-8000,1899,12,21673500.0,9148.0,0.0,,42.35890485,-71.0619481,0302802001,774562.0259367701,2956118.0844123494,9101.0,21%,8675.0,http://www.suffolk.edu,POINT (-71.061948105999988 42.358904851000034),-71.06194810599999,42.358904851000034,colleges_and_universities.csv,2025-11-30 19:58:13
NCES & Consortium,0,"41 Berkeley St, Boston, Massachusetts 02116",16632,165884,Benjamin Franklin Institute of Technology,"41 Berkeley St, Boston, Massachusetts 02116",South End,78750.0,CITY OF BOSTON,(617) 423-4630,1920,4,15975800.0,594.0,0.0,,42.34610271,-71.07018646,0500688000,772358.91485744,2951441.41397569,472.0,,482.0,http://www.bfit.edu,POINT (-71.070186465999939 42.346102717000065),-71.07018646599994,42.346102717000065,colleges_and_universities.csv,2025-11-30 19:58:13
NCES & Consortium,0,"250 New Rutherford Ave, Boston, Massachusetts 021*",1949,165112,Bunker Hill Community College,"250 New Rutherford Ave, Boston, Massachusetts 02129",Charlestown,203509.0,COMMONWEALTH OF MASS,(617) 228-2000,1899,4,17181400.0,11009.0,0.0,,42.37511654,-71.06957165,0202170000,772471.7597761,2962015.46664644,12934.0,,14023.0,http://www.bhcc.mass.edu,POINT (-71.069571657999973 42.37511655000003),-71.06957165799997,42.37511655000003,colleges_and_universities.csv,2025-11-30 19:58:13
NCES & Consortium,0,"36 1st Avenue, Boston, Massachusetts 02129-4557",9109,166869,MGH Institute of Health Professions,"36 1st Avenue, Boston, Massachusetts 02129",Charlestown,70077.0,MGH INSTITUTE OF HEALTH,(617) 726-3140,1899,3.5,9386500.0,900.0,0.0,,42.37491705,-71.05397174,0203504000,776687.32122685,2961964.42442569,928.0,,1096.0,http://www.mghihp.edu,POINT (-71.053971740999941 42.374917058000051),-71.05397174099994,42.37491705800005,colleges_and_universities.csv,2025-11-30 19:58:13
NCES & Consortium,0,"400 The Fenway, Boston, Massachusetts 02115",86640,165671,Emmanuel College,"400 Fenway, Massachusetts 02115",Fenway/Kenmore,52212.0,EMMANUEL COLLEGE TRUSTEES,(617) 735-9715,1899,3,99370400.0,2454.0,0.0,,42.34151633,-71.10347795,0401847000,763367.00600402,2949726.45415102,2519.0,48%,2436.0,http://www.emmanuel.edu,POINT (-71.10347795399997 42.341516334000062),-71.10347795399997,42.34151633400006,colleges_and_universities.csv,2025-11-30 19:58:13
NCES & Consortium,0,"230 The Fenway, Boston, Massachusetts 02115-5596",86302,166984,School of the Museum of Fine Arts-Boston,"230 The Fenway, Boston, Massachusetts 02115",Fenway/Kenmore,113496.0,MUSEUM OF FINE ARTS,(617) 267-6100,1987,3,8437121.0,754.0,0.0,,42.33853793,-71.09669362,0401806000,765206.27693177,2948649.67087152,747.0,14%,651.0,http://www.smfa.edu,POINT (-71.096693628999958 42.338537939000048),-71.09669362899996,42.33853793900005,colleges_and_universities.csv,2025-11-30 19:58:13
NCES & Consortium,0,"300 The Fenway, Boston, Massachusetts 02115-5898",86125,167783,Simmons,"300 Fenway, Boston, Massachusetts 02115",Fenway/Kenmore,240740.0,SIMMONS COLLEGE,(617) 521-2000,1976,4,55553100.0,5003.0,0.0,,42.33918733,-71.0999399,0401842000,764327.4965371,2948882.18812302,4829.0,75%,4900.0,http://www.simmons.edu,POINT (-71.099939904999985 42.339187331000062),-71.09993990499999,42.33918733100006,colleges_and_universities.csv,2025-11-30 19:58:13
NCES & Consortium,0,"One Silber Way, Boston, Massachusetts 02215",15422,164988,Boston University,"One Silber Way, Boston, Massachusetts 02215",Fenway/Kenmore,593154.0,BOSTON UNIVERSITY TRSTS OF,(617) 353-2000,1996,8,66943300.0,31960.0,0.0,,42.34955975,-71.09970931,0503991000,764372.1007786,2952662.39119252,32439.0,74%,32411.0,http://www.bu.edu,POINT (-71.09970931099997 42.349559758000055),-71.09970931099997,42.349559758000055,colleges_and_universities.csv,2025-11-30 19:58:13
NCES & Consortium,0,"8 the Fenway, Boston, Massachusetts 02215",22285,164933,The Boston Conservatory,"8 Fenway, Boston, Massachusetts 02215",Fenway/Kenmore,35350.0,BOSTON CONSERVATRY MUSIC,(617) 536-6340,1899,6,4900600.0,682.0,0.0,,42.34605822,-71.09001133,0401795000,766999.74480152,2951398.81629185,710.0,29%,774.0,http://www.bostonconservatory.edu,POINT (-71.090011329999982 42.346058223000057),-71.09001132999998,42.34605822300006,colleges_and_universities.csv,2025-11-30 19:58:13
NCES,0,"200 Riverway, Boston, Massachusetts 02215-4176",86683,168290,Wheelock College,"200 the Riverway, Boston, Massachusetts 02215",Fenway/Kenmore,75256.0,WHEELOCK SCHOOL,(617) 734-5200,1925,3,11614900.0,1055.0,0.0,,42.34174,-71.10642,0402011000,762571.2487372701,2949804.27847044,1285.0,70%,1378.0,http://www.wheelock.edu,POINT (-71.106419999999957 42.341740000000073),-71.10641999999996,42.34174000000007,colleges_and_universities.csv,2025-11-30 19:58:13
NCES,0,"1234 Columbus Ave, Roxbury Crossing, Massachusett*",89176,167631,Roxbury Community College,"1234 Columbus Ave, Roxbury Crossing, Massachusetts 02120",Roxbury,144812.0,BOARD OF REGENTS OF,(617) 427-0060,1986,5,30893400.0,2749.0,0.0,,42.32923535,-71.09549441,1100029000,765546.5748076,2945261.17371152,2744.0,,2437.0,http://www.rcc.mass.edu,POINT (-71.095494419999966 42.329235350000033),-71.09549441999997,42.32923535000003,colleges_and_universities.csv,2025-11-30 19:58:13
NCES & Consortium,0,"100 Morrissey Boulevard, Boston, Massachusetts 02*",91520,166638,University of Massachusetts-Boston,"100 Morrissey Blvd, Boston, Massachusetts 02125",North Dorchester,264200.0,COMMONWEALTH OF MASS,(617) 287-5000,1960,5,195575300.0,14912.0,0.0,,42.31380935,-71.03920216,1303400000,780798.4547368499,2939716.9046163494,15741.0,,16277.0,http://www.umb.edu,POINT (-71.039202159999945 42.313809357000025),-71.03920215999995,42.313809357000025,colleges_and_universities.csv,2025-11-30 19:58:13
Consortium,0,,15399,0,Boston University Research,771 Commonwealth Ave,Fenway/Kenmore,0.0,BOSTON UNIVERSITY TRSTS,(617)-353-3696,0,5,1484500.0,0.0,0.0,,42.35083298,-71.10900119,2100360000,761858.23671185,2953114.72952669,,,0.0,,POINT (-71.109001192999983 42.350832985000068),-71.10900119299998,42.35083298500006,colleges_and_universities.csv,2025-11-30 19:58:13
Consortium,0,,15400,0,Boston University School of Law,1 University Rd,Fenway/Kenmore,54767.0,BOSTON UNIVERSITY TRSTS,(617)-353-9000,1931,3,5529700.0,0.0,0.0,,42.35116191,-71.10977291,2100392000,761649.0845711,2953233.64333085,,,0.0,http://www.bu.edu/law/about/overview.html,POINT (-71.109772913999961 42.35116191700007),-71.10977291399996,42.35116191700007,colleges_and_universities.csv,2025-11-30 19:58:13
Consortium,0,,15282,0,Boston University Sargent College,635 Commonwealth Ave,Fenway/Kenmore,85902.0,BOSTON UNIVERSITY TRS OF,(617)-353-2711,1899,7,19403300.0,0.0,0.0,,42.34983461,-71.10204532,0504089000,763740.17389285,2952759.5983471894,,,0.0,http://www.bu.edu/sargent/about-us/fast-facts/,POINT (-71.10204532299997 42.349834611000063),-71.10204532299997,42.34983461100006,colleges_and_universities.csv,2025-11-30 19:58:13
Consortium,0,,16275,0,Boston University School of Management,595 Commonwealth Ave,Fenway/Kenmore,12908.0,BOSTON UNIVERSITY TRSTS OF,(617)-353-9720,1960,2,998700.0,0.0,0.0,,42.34943784,-71.09810862,0503981000,764804.9998471899,2952619.9998731,,,0.0,,POINT (-71.098108624999952 42.349437849000026),-71.09810862499995,42.349437849000026,colleges_and_universities.csv,2025-11-30 19:58:13
Consortium,0,,16291,0,Boston University Admissions,121 Bay State Rd,Fenway/Kenmore,13055.0,BOSTON UNIVERSITY TRSTS,(617)-353-2300,1899,4,2624800.0,0.0,0.0,,42.350434,-71.09884899,0504037000,764603.15773119,2952982.07460827,,,0.0,,POINT (-71.098848998999983 42.350434000000064),-71.09884899899998,42.350434000000064,colleges_and_universities.csv,2025-11-30 19:58:13
Consortium,0,,16267,0,Boston University Rental Office,19 Deerfield Rd,Fenway/Kenmore,0.0,BOSTON UNIVERSITY TRSTS OF,(617)-353-4101,1925,4,82800.0,0.0,0.0,,42.34953999,-71.09701,0503757000,765101.79945044,2952658.62676435,,,0.0,,POINT (-71.097009999999955 42.349540000000047),-71.09700999999995,42.34954000000005,colleges_and_universities.csv,2025-11-30 19:58:13
Consortium,0,,84599,0,Boston University Trustees,25 Buick Street,Allston/Brighton,122743.0,BOSTON UNIVERSITY,(617)-353-6500,1990,3,18007000.0,0.0,0.0,,42.35196,-71.11522999,2100400000,760172.6761066,2953517.7795736,,,0.0,,POINT (-71.115229998999951 42.351960000000076),-71.11522999899995,42.35196000000008,colleges_and_universities.csv,2025-11-30 19:58:13
Consortium,0,,17534,0,Boston University School of Medicine,85 East Newton St,South End,262488.0,COMMWLTH OF MASS,(617)-414-2188,1978,10,72049800.0,0.0,0.0,,42.33638764,-71.07096966,0801408000,772164.99989094,2947900.00012677,,,0.0,,POINT (-71.070969668999965 42.336387649000073),-71.07096966899996,42.33638764900007,colleges_and_universities.csv,2025-11-30 19:58:13
Consortium,0,,17638,0,Boston University Public Health,715 Albany St,South End,82563.0,BOSTON UNIVERSITY TRSTS OF,(617)-638-4935,1899,5,13981647.0,0.0,0.0,,42.33531935,-71.07162395,0801418000,771990.05437469,2947509.80471294,,,0.0,http://www.bu.edu/sph/about/busph-at-a-glance/,POINT (-71.071623957999975 42.335319353000045),-71.07162395799998,42.335319353000045,colleges_and_universities.csv,2025-11-30 19:58:13
Consortium,0,,14097,164924,Boston College,"140 Commonwealth Avenue, Chestnut Hill, Massachusetts 02467",Chestnut Hill,,,,0,,0.0,15036.0,0.0,,42.33383264,-71.16971925,,745469.51030302,2946850.06620302,14754.0,,14309.0,,POINT (-71.169719254999961 42.333832643000051),-71.16971925499996,42.33383264300005,colleges_and_universities.csv,2025-11-30 19:58:13
Consortium,0,"300 The Fenway, Boston, Massachusetts 02115-5898",86676,0,Simmons College,94 Pilgrim Rd.,Fenway/Kenmore,48601.0,SIMMONS FEMALE COLLEGE,(617)-521-1101,1899,2,21821300.0,0.0,0.0,,42.34105034,-71.10589563,0402012000,762714.17036744,2949553.60869619,,,4655.0,,POINT (-71.105895638999982 42.341050342000074),-71.10589563899998,42.341050342000074,colleges_and_universities.csv,2025-11-30 19:58:13
Consortium,0,"Massachusetts Hall, Cambridge, Massachusetts 02138",98086,0,Harvard Medical School,200 Longwood Ave,Fenway/Kenmore,67821.0,HARVARD COLLEGE,,1906,5,522739567.0,0.0,0.0,,42.33650088,-71.10247008,0401882000,763647.9998646,2947900.00012677,27392.0,,1732.0,http://www.hms.harvard.edu,POINT (-71.10247008999994 42.336500888000046),-71.10247008999994,42.336500888000046,colleges_and_universities.csv,2025-11-30 19:58:13
Consortium,0,"Medford, Massachusetts 02155-5555",11753,0,Tufts University School of Medicine,136 Harrison Ave,Chinatown,133416.0,TUFTS UNIVERSITY TRST,,1945,8,31126800.0,0.0,0.0,,42.3498,-71.06148999,0305251000,774702.89868652,2952800.73901294,10777.0,,797.0,,POINT (-71.061489998999946 42.349800000000073),-71.06148999899995,42.34980000000007,colleges_and_universities.csv,2025-11-30 19:58:13
Consortium,0,,86735,0,MASCO Colleges of the Fenway,375 Longwood Ave,Fenway/Kenmore,399470.0,CONG ADATH ISRAEL OF BOSTON,(617)-632-2739,1991,7,37257100.0,0.0,0.0,,42.34004,-71.10830999,0401996000,762063.1349241,2949182.4142286,,,0.0,,POINT (-71.108309998999971 42.340040000000045),-71.10830999899997,42.340040000000045,colleges_and_universities.csv,2025-11-30 19:58:13
Consortium,0,,79838,0,Harvard University Sailing,Harvard Way,Allston/Brighton,,HARVARD COLLEGE,(617)-495-3434,0,,831000.0,0.0,0.0,,42.3664324,-71.1229264,2200530001,758068.9814951,2958782.53512019,,,0.0,,POINT (-71.122926407999955 42.366432410000073),-71.12292640799996,42.36643241000007,colleges_and_universities.csv,2025-11-30 19:58:13
Consortium,0,,79841,0,Harvard Business School,Soldiers Field Rd,Allston/Brighton,92340.0,HARVARD COLLEGE,,1975,3,26812300.0,0.0,0.0,,42.36522699,-71.12005612,2200480000,758846.61412619,2958346.6990496,,,913.0,http://www.hbs.edu,POINT (-71.120056120999948 42.365226997000036),-71.12005612099995,42.36522699700003,colleges_and_universities.csv,2025-11-30 19:58:13
NCES & Consortium,0,"10 High St Ste 204, Boston, Massachusetts 02110",12255,164438,New England College of Business and Finance,"10 High St, Boston, Massachusetts 02110",Financial District,127396.0,POWER JOHN F,(617) 951-2350,1920,11,12889200.0,765.0,0.0,,42.35353,-71.05673,0304211000,775982.52670469,2954166.6719766,1319.0,,1145.0,http://www.finance.edu,POINT (-71.056729999999959 42.353530000000035),-71.05672999999996,42.353530000000035,colleges_and_universities.csv,2025-11-30 19:58:13
NCES,0,"150 North Street, Boston, Massachusetts 02109",9019,167297,North Bennet Street School,"39 North Bennet St, Boston, Massachusetts 02113",North End,33790.0,NO BENNETT ST IND SCHL,(617) 227-0155,1899,4,5845800.0,144.0,0.0,,42.36589,-71.05478,0302292000,776486.09590752,2958673.64065294,151.0,,161.0,http://www.nbss.org,POINT (-71.054779999999937 42.365890000000036),-71.05477999999994,42.36589000000003,colleges_and_universities.csv,2025-11-30 19:58:13
NCES,0,,12435,164845,Empire Beauty School-Boston,"30 West Street, Boston, Massachusetts 02111",Financial District,25175.0,CHENG HUNG TS,,1899,5,1618800.0,205.0,0.0,,42.35485,-71.06237,0304817000,774455.58028352,2954639.83310377,280.0,,241.0,,POINT (-71.062369999999987 42.354850000000056),-71.06236999999999,42.354850000000056,colleges_and_universities.csv,2025-11-30 19:58:13
NCES & Consortium,0,"178 Tremont St 7th Fl, Boston, Massachusetts 0211*",11884,429128,Urban College of Boston,"178 Tremont St, Boston, Massachusetts 02111",Financial District,63096.0,ACTION FOR BOSTON COMMUNITY,(617) 292-4723,1899,10,4285100.0,617.0,0.0,,42.35288999,-71.06407999,0304884000,773997.03165994,2953923.20461577,562.0,,762.0,http://www.urbancollege.edu,POINT (-71.064079998999944 42.352890000000059),-71.06407999899994,42.35289000000006,colleges_and_universities.csv,2025-11-30 19:58:13
NCES & Consortium,0,"122 Commonwealth Avenue, Boston, Massachusetts 02*",14049,164641,Bay State College,"122 Commonwealth Avenue, Boston, Massachusetts 02116",Back Bay,10182.0,PFANNENSTIEHL FREDERICK G TS,(617) 236-8000,1899,4,832000.0,753.0,0.0,,42.35176999,-71.07694,0501353000,770522.99169202,2953497.55192377,1225.0,19%,1204.0,http://www.baystate.edu,POINT (-71.076939999999979 42.351770000000045),-71.07693999999998,42.351770000000045,colleges_and_universities.csv,2025-11-30 19:58:13
NCES,0,,13825,165149,Butera School Of Art,"111 Beacon St, Boston, Massachusetts 02116",Back Bay,8520.0,BUTERA JOSEPH L,(617) 536-4623,1899,5,594700.0,23.0,0.0,,42.35498,-71.07316,0502814000,771538.89189119,2954672.42851102,,,0.0,http://www.buteraschool.com,POINT (-71.073159999999973 42.354980001000058),-71.07315999999997,42.35498000100006,colleges_and_universities.csv,2025-11-30 19:58:13
NCES & Consortium,0,"120 Boylston Street, Boston, Massachusetts 02116-*",14326,165662,Emerson College,"120 Boylston Street, Boston, Massachusetts 02116",Beacon Hill,0.0,EMERSON COLLEGE,(617) 824-8500,0,,4545500.0,4556.0,0.0,,42.35221938,-71.06573578,0500043010,773550.71759194,2953676.53614585,4469.0,48%,4561.0,http://www.emerson.edu,POINT (-71.065735780999944 42.352219383000033),-71.06573578099994,42.35221938300003,colleges_and_universities.csv,2025-11-30 19:58:13
NCES & Consortium,0,"118 Beacon Street, Boston, Massachusetts 02116",13866,165802,Fisher College,"118 Beacon Street, Boston, Massachusetts 02116",Back Bay,21600.0,FISHER SCHOOL,(617) 236-8800,1899,5,280651.0,1593.0,0.0,,42.35525,-71.07414,0502574000,771273.51479727,2954769.4975426,1821.0,40%,1930.0,http://www.fisher.edu,POINT (-71.074140000999932 42.355250000000069),-71.07414000099993,42.35525000000007,colleges_and_universities.csv,2025-11-30 19:58:13
NCES & Consortium,0,"126 Newbury Street, Boston, Massachusetts 02116",14004,166276,Sanford-Brown College-Boston,"126 Newbury Street, Boston, Massachusetts 02116",Back Bay,52830.0,BEEKMAN TOWN HOUSE LLC,(617) 578-7100,1920,6,5200400.0,158.0,0.0,,42.351004,-71.076416,0501320000,770666.01798077,2953219.10989535,,,71.0,http://www.gibbscollege.com,POINT (-71.076415999999938 42.351004000000046),-71.07641599999994,42.351004000000046,colleges_and_universities.csv,2025-11-30 19:58:13
NCES & Consortium,0,"154 Stuart St, Boston, Massachusetts 02116",13000,167215,New England School of Law,"154 Stuart St, Boston, Massachusetts 02116",Beacon Hill,65429.0,NEW ENGLAND SCHOOL OF LAW,(617) 451-0010,1899,5,8714400.0,1096.0,0.0,,42.35077028,-71.06642451,0500077000,773367.23600352,2953147.5109571894,,,964.0,http://www.nesl.edu,POINT (-71.066424509999933 42.350770287000046),-71.06642450999993,42.350770287000046,colleges_and_universities.csv,2025-11-30 19:58:13
NCES,0,,2262,167543,Kaplan Career Institute (Closed),"570 Rutherford Ave, Charlestown, Massachusetts 02129",Charlestown,606500.0,HOOD BUSINESS PARK LLC,(617) 580-4010,1920,3,16958900.0,619.0,0.0,,42.38101,-71.07244699,0202161000,771684.06089219,2964159.25796252,,,0.0,,POINT (-71.072446999999954 42.38101000000006),-71.07244699999995,42.38101000000007,colleges_and_universities.csv,2025-11-30 19:58:13
NCES & Consortium,0,"320 Newbury Street, Boston, Massachusetts 02115-2*",15443,164872,Boston Architectural College,"320 Newbury Street, Boston, Massachusetts 02115",Back Bay,42344.0,BOSTON ARCHITECTURAL COLLEGE,(617) 262-5000,1899,6,11385900.0,1406.0,0.0,,42.34846,-71.0858,0503062000,768133.94299244,2952279.57010777,1215.0,,1037.0,http://www.the-bac.edu,POINT (-71.085799999999949 42.348460000000046),-71.08579999999995,42.348460000000046,colleges_and_universities.csv,2025-11-30 19:58:13
NCES & Consortium,0,"621 Huntington Ave, Boston, Massachusetts 02115-5*",86503,166674,Massachusetts College of Art and Design,"621 Huntington Ave, Boston, Massachusetts 02115",Fenway/Kenmore,217791.0,COMMWLTH OF MASS,(617) 879-7000,1900,6,65800100.0,2422.0,0.0,,42.33638373,-71.10034042,0401841000,764224.00002494,2947859.99987869,2422.0,28%,2264.0,http://www.massart.edu,POINT (-71.100340422999977 42.336383740000031),-71.10034042299998,42.33638374000003,colleges_and_universities.csv,2025-11-30 19:58:13
NCES & Consortium,0,"179 Longwood Ave, Boston, Massachusetts 02115-5896",86582,166656,MCPHS University,"179 Longwood Ave, Boston, Massachusetts 02115",Fenway/Kenmore,104000.0,MASS COLLEGE OF PHARMACY,(617) 732-2800,1917,4,87531900.0,4252.0,0.0,,42.33688,-71.10112,0401844000,764012.37872902,2948039.85975519,5327.0,17%,6548.0,http://www.mcp.edu,POINT (-71.10112000099997 42.336880000000065),-71.10112000099997,42.336880000000065,colleges_and_universities.csv,2025-11-30 19:58:13
NCES & Consortium,0,"424 Beacon St, Boston, Massachusetts 02115",15908,167093,New England College of Optometry,"424 Beacon St, Boston, Massachusetts 02115",Back Bay,17037.0,NEW ENGLAND COLLEGE,(617) 266-2030,1900,5,5568600.0,467.0,0.0,,42.35184999,-71.08680999,0503507000,767854.93600452,2953513.6270228494,475.0,,502.0,http://www.neco.edu,POINT (-71.086809998999968 42.35185000000007),-71.08680999899997,42.35185000000007,colleges_and_universities.csv,2025-11-30 19:58:13
NCES & Consortium,0,"360 Huntington Ave, Boston, Massachusetts 02115-5*",23123,167358,Northeastern University,"360 Huntington Ave, Boston, Massachusetts 02115",Fenway/Kenmore,142900.0,NORTHEASTERN UNIVERSITY,(617) 373-2000,1899,3,426358800.0,27537.0,0.0,,42.3400479,-71.08889159,0402236000,767313.00008052,2949210.00013144,26959.0,,8479.0,http://www.northeastern.edu,POINT (-71.088891592999971 42.340047903000027),-71.08889159299997,42.34004790300003,colleges_and_universities.csv,2025-11-30 19:58:13
NCES & Consortium,0,"290 Huntington Ave, Boston, Massachusetts 02115-5*",22925,167057,The New England Conservatory of Music,"290 Huntington Ave, Boston, Massachusetts 02115",Fenway/Kenmore,0.0,NEW ENGLAND CONS OF MUSIC,(617) 585-1100,0,4,299000.0,785.0,0.0,,42.34109299,-71.086446,0402246000,767972.33307944,2949594.04890402,775.0,40%,813.0,http://www.newenglandconservatory.edu,POINT (-71.086446000999956 42.341093000000058),-71.08644600099996,42.34109300000006,colleges_and_universities.csv,2025-11-30 19:58:13
NCES & Consortium,0,"550 Huntington Ave, Boston, Massachusetts 02115",86223,168227,Wentworth Institute of Technology,"550 Huntington Ave, Boston, Massachusetts 02115",Fenway/Kenmore,236886.0,WENTWORTH INSTITUTE,(617) 442-9010,1900,3,12929600.0,3808.0,0.0,,42.33662,-71.09493999,0402024000,765683.7113443501,2947952.98525702,3988.0,41%,4179.0,http://www.wit.edu,POINT (-71.094939998999962 42.336620000000039),-71.09493999899996,42.33662000000004,colleges_and_universities.csv,2025-11-30 19:58:13
NCES & Consortium,0,"1140 Boylston St, Boston, Massachusetts 02215",23134,164748,Berklee College of Music,"1140 Boylston St, Boston, Massachusetts 02215",Fenway/Kenmore,36300.0,M B H ASSOCIATES LPS,(617) 266-1400,1899,6,4647300.0,4145.0,0.0,,42.34668904,-71.0890112,0401384000,767268.99984044,2951629.9998846,4307.0,20%,4519.0,http://www.berklee.edu,POINT (-71.089011208999977 42.346689042000037),-71.08901120899998,42.34668904200004,colleges_and_universities.csv,2025-11-30 19:58:13
NCES,0,,16255,457013,Kaplan Career Institute (Closed),"540 Commonwealth Ave, Boston, Massachusetts 02215",Fenway/Kenmore,34112.0,SHUBERT FOUNDATION INC,(617) 695-4103,1899,3,3854600.0,249.0,0.0,,42.34849199,-71.09672499,0503938000,765180.6450932699,2952277.0792991,218.0,,0.0,,POINT (-71.096724999999935 42.348492000000078),-71.09672499999994,42.34849200000008,colleges_and_universities.csv,2025-11-30 19:58:13
NCES,0,"537 Commonwealth Ave, Boston, Massachusetts 02215",16296,167224,New England School of Photography,"537 Commonwealth Ave, Boston, Massachusetts 02215",Fenway/Kenmore,16500.0,TRUSTEES OF BOSTON,(617) 437-1868,1923,3,452500.0,119.0,0.0,,42.34922,-71.09691999,0503755000,765126.6789938501,2952542.12765352,98.0,,66.0,http://www.nesop.com,POINT (-71.096919999999955 42.349220000000059),-71.09691999999995,42.34922000000006,colleges_and_universities.csv,2025-11-30 19:58:13
NCES,0,,98366,16645201,Art Institute of Boston at Lesley University,"700 Beacon St, Boston, Massachusetts 02215",Fenway/Kenmore,37990.0,ART INSTITUTE OF BOSTON,(617) 585-6600,1899,4,7212500.0,0.0,0.0,,42.34849999,-71.09936999,0504144000,764465.63569652,2952276.6252317694,,27%,0.0,http://www.aiboston.edu,POINT (-71.099369999999965 42.348500000000058),-71.09936999999996,42.34850000000006,colleges_and_universities.csv,2025-11-30 19:58:13
NCES & Consortium,0,"303 Adams Street, Milton, Massachusetts 02186",59172,165264,Laboure College,"2120 Dorchester Ave, Boston, Massachusetts 02124",South Dorchester,282494.0,NEW CARITAS CHRISTI HOSPITAL,(617) 296-8300,1899,8,51941000.0,669.0,0.0,,42.27739331,-71.0651491,1605018000,773848.3141096,2926409.52178235,732.0,,698.0,http://www.laboure.edu,POINT (-71.065149104999989 42.277393318000065),-71.06514910499999,42.277393318000065,colleges_and_universities.csv,2025-11-30 19:58:13
NCES,0,"1505 Commonwealth Ave, Brighton, Massachusetts 02*",80906,167020,Everest Institute-Brighton,"1505 Commonwealth Ave, Brighton, Massachusetts 02135",Allston/Brighton,63504.0,COMMEX LLC,(617) 783-9955,1964,5,3189600.0,700.0,0.0,,42.34711,-71.14154,2101830005,753068.37076144,2951719.35666127,422.0,,369.0,http://www.bryman-institute.com,POINT (-71.141539999999964 42.347110000000043),-71.14153999999996,42.34711000000004,colleges_and_universities.csv,2025-11-30 19:58:13
NCES,0,"127 Lake Street, Brighton, Massachusetts 02135-38*",88667,167677,Saint John's Seminary,"127 Lake Street, Brighton, Massachusetts 02135",Allston/Brighton,83600.0,TRUSTEES OF BOSTON COLLEGE,(617) 254-2610,1964,3,1265300.0,145.0,0.0,,42.34432295,-71.16304875,2205268070,747258.00016435,2950680.00014419,183.0,100%,192.0,http://www.sjs.edu,POINT (-71.163048753999988 42.344322960000056),-71.16304875399999,42.344322960000056,colleges_and_universities.csv,2025-11-30 19:58:13
NCES,0,"400 Heath St, Chestnut Hill, Massachusetts 02467",90949,167455,Pine Manor College,"400 Heath St, Chestnut Hill, Massachusetts 02467",Jamaica Plain,0.0,BACK OF THE HILL CONDO TRUST,(617) 731-7000,1999,2.0,0.0,484.0,0.0,,42.32878999,-71.11021999,1001487000,761565.48959394,2945080.3400836894,343.0,73.5%,346.0,http://www.pmc.edu,POINT (-71.11021999999997 42.328790000000026),-71.11021999999997,42.328790000000026,colleges_and_universities.csv,2025-11-30 19:58:13
NCES & Consortium,0,"One Wells Avenue, Newton, Massachusetts 02459",41509,166717,Massachusetts School of Professional Psychology,"221 Rivermoor St, Boston, Massachusetts 02132",West Roxbury,119454.0,CITY OF BOSTON,(617) 327-6777,1975,1,5477000.0,448.0,0.0,,42.27889226,-71.18035129,2009228000,742669.81314652,2926817.8733278494,558.0,,652.0,http://www.mspp.edu,POINT (-71.180351297999948 42.27889226800005),-71.18035129799995,42.27889226800005,colleges_and_universities.csv,2025-11-30 19:58:13
NCES & Consortium,0,"950 Metropolitan Ave, Boston, Massachusetts 02136*",62594,164614,Boston Baptist College,"950 Metropolitan Ave, Boston, Massachusetts 02136",Hyde Park,35206.0,BOSTON BAPTIST COLLEGE,(617) 364-3510,1899,3,3326900.0,147.0,0.0,,42.25399999,-71.11025999,1810945000,761679.20787044,2917825.67313644,103.0,,96.0,http://www.boston.edu,POINT (-71.110259999999982 42.254000000000076),-71.11025999999998,42.25400000000008,colleges_and_universities.csv,2025-11-30 19:58:13
,0,,164845,164845,Blaine The Beauty Career School-Boston,530 Commonwealth Ave,Boston,2215.0,,(508) 370-7447,,,0.0,0.0,0.0,,0.0,0.0,,,,,,0.0,http://www.blainebeautyschools.com,POINT (-71.096397626999988 42.34859913300005),-71.09639762699999,42.34859913300005,colleges_and_universities.csv,2025-11-30 19:58:13
,0,,167543,167543,Rets Technical Center,965 Commonwealth Ave,Boston,2215.0,,(617) 783-1197,,,0.0,0.0,0.0,,0.0,0.0,,,,,,0.0,http://www.retstech.com,POINT (-71.119210478999946 42.35200522100007),-71.11921047899995,42.35200522100007,colleges_and_universities.csv,2025-11-30 19:58:13
,0,,,,Harvard University of Public Health,677 Huntington Ave,,2115.0,HARVARD COLLEGE,(617) 432-1031,,6,0.0,0.0,0.0,,0.0,0.0,0401895001,,,,,502.0,http://www.hsph.harvard.edu/,POINT (-71.103529949999938 42.33506645500006),-71.10352994999994,42.33506645500007,colleges_and_universities.csv,2025-11-30 19:58:13
